Kolonne1,node,desc,type,pmax,pmin,fuelcost,inflow_fac,inflow_ref,storage_cap,storage_price,storval_filling_ref,storval_time_ref,storage_ini,pump_cap,pump_efficiency,pump_deadband,gen_lat,gen_lon,year,status,source
0,DK1_1,DK1_1 wind_off,wind_off,606.5572806,0.0,0.015,0.8,windoff_DK_Horns Rev,0.0,1.0,const,const,0.6,0.0,0.0,0.0,55.7,7.688889,,updated,
1,DK1_1,DK1_1 fossil_gas,fossil_gas,241.1920717,0.0,137.52,1.0,const,0.0,1.0,const,const,0.6,0.0,0.0,0.0,,,,updated,
2,DK1_1,DK1_1 fossil_other,fossil_other,535.2547049,0.0,110.19,1.0,const,0.0,1.0,const,const,0.6,0.0,0.0,0.0,,,,updated,
3,DK1_1,DK1_1 solar,solar,494.9354513,0.0,0.01,0.8,solar_DK,0.0,1.0,const,const,0.6,0.0,0.0,0.0,,,,updated,
4,DK1_1,DK1_1 wind_on,wind_on,2353.440504,0.0,0.015,0.8,windon_DK,0.0,1.0,const,const,0.6,0.0,0.0,0.0,,,,updated,
5,DK1_2,DK1_2 wind_off,wind_off,439.496589,0.0,0.015,0.8,windoff_DK_Horns Rev,0.0,1.0,const,const,0.6,0.0,0.0,0.0,55.529722,7.906111,,updated,
6,DK1_2,DK1_2 wind_on,wind_on,617.8800607,0.0,0.015,0.8,windon_DK,0.0,1.0,const,const,0.6,0.0,0.0,0.0,,,,updated,
7,DK1_2,DK1_2 solar,solar,333.2148519,0.0,0.01,0.8,solar_DK,0.0,1.0,const,const,0.6,0.0,0.0,0.0,,,,updated,
8,DK1_2,DK1_2 biomass,biomass,432.628866,0.0,15.0,1.0,const,0.0,1.0,const,const,0.6,0.0,0.0,0.0,,,,updated,
9,DK1_2,DK1_2 fossil_gas,fossil_gas,165.8683341,0.0,137.52,1.0,const,0.0,1.0,const,const,0.6,0.0,0.0,0.0,,,,updated,
10,DK1_2,DK1_2 fossil_other,fossil_other,1570.355507,0.0,110.19,1.0,const,0.0,1.0,const,const,0.6,0.0,0.0,0.0,,,,updated,
11,DK1_3,DK1_3 biomass,biomass,1100.113402,0.0,15.0,1.0,const,0.0,1.0,const,const,0.6,0.0,0.0,0.0,,,,updated,
12,DK1_3,DK1_3 wind_off,wind_off,222.0477535,0.0,0.015,0.8,windoff_DK_Horns Rev,0.0,1.0,const,const,0.6,0.0,0.0,0.0,,,,updated,
13,DK1_3,DK1_3 solar,solar,385.2351411,0.0,0.01,0.8,solar_DK,0.0,1.0,const,const,0.6,0.0,0.0,0.0,,,,updated,
14,DK1_3,DK1_3 wind_on,wind_on,877.4652925,0.0,0.015,0.8,windon_DK,0.0,1.0,const,const,0.6,0.0,0.0,0.0,,,,updated,
15,DK1_3,DK1_3 fossil_gas,fossil_gas,406.8652666,0.0,137.52,1.0,const,0.0,1.0,const,const,0.6,0.0,0.0,0.0,,,,updated,
16,DK1_3,DK1_3 fossil_other,fossil_other,530.0454134,0.0,110.19,1.0,const,0.0,1.0,const,const,0.6,0.0,0.0,0.0,,,,updated,
17,DK2_1,DK2_1 fossil_other,fossil_other,1111.711708,0.0,110.19,1.0,const,0.0,1.0,const,const,0.6,0.0,0.0,0.0,,,,updated,
18,DK2_1,DK2_1 solar,solar,164.8975663,0.0,0.01,0.8,solar_DK,0.0,1.0,const,const,0.6,0.0,0.0,0.0,,,,updated,
19,DK2_1,DK2_1 wind_on,wind_on,538.4163422,0.0,0.015,0.8,windon_DK,0.0,1.0,const,const,0.6,0.0,0.0,0.0,,,,updated,
20,DK2_2,DK2_2 biomass,biomass,865.257732,0.0,15.0,1.0,const,0.0,1.0,const,const,0.6,0.0,0.0,0.0,,,,updated,
21,DK2_2,DK2_2 fossil_gas,fossil_gas,840.0743275,0.0,137.52,1.0,const,0.0,1.0,const,const,0.6,0.0,0.0,0.0,,,,updated,
22,DK2_2,DK2_2 fossil_other,fossil_other,676.6326662,0.0,110.19,1.0,const,0.0,1.0,const,const,0.6,0.0,0.0,0.0,,,,updated,
23,DK2_2,DK2_2 solar,solar,245.7169894,0.0,0.01,0.8,solar_DK,0.0,1.0,const,const,0.6,0.0,0.0,0.0,,,,updated,
24,DK2_2,DK2_2 wind_on,wind_on,170.7978009,0.0,0.015,0.8,windon_DK,0.0,1.0,const,const,0.6,0.0,0.0,0.0,,,,updated,
25,DK2_2,DK2_2 wind_off,wind_off,431.8983769,0.0,0.015,0.8,windoff_DE_Baltic2,0.0,1.0,const,const,0.6,0.0,0.0,0.0,54.56,11.55,,updated,
26,FI_1,FI_1 hydro,hydro,87.67605633665609,0.0,1.0,0.46,inflow_NO1,0.0,15.0,hydro,const,0.6,0.0,0.0,0.0,,,,created,
27,FI_1,FI_1 ror,ror,123.86970408256856,0.0,0.0,0.46,inflow_NO1,0.0,15.0,ror,const,0.6,0.0,0.0,0.0,,,,created,
28,FI_1,FI_1 solar,solar,2.899706787,0.0,0.01,0.8,solar_FI,0.0,1.0,const,const,0.6,0.0,0.0,0.0,,,,created,
29,FI_1,FI_1 wind_on,wind_on,507.3869918,0.0,0.015,0.8,windon_FI,0.0,1.0,const,const,0.6,0.0,0.0,0.0,,,,updated,
30,FI_1,FI_1 biomass,biomass,171.6996593,0.0,15.0,1.0,const,0.0,1.0,const,const,0.6,0.0,0.0,0.0,,,,created,
31,FI_1,FI_1 fossil_other,fossil_other,198.7841546,0.0,110.19,1.0,const,0.0,1.0,const,const,0.6,0.0,0.0,0.0,,,,created,
32,FI_1,FI_1 fossil_gas,fossil_gas,107.4742388,0.0,137.52,1.0,const,0.0,1.0,const,const,0.6,0.0,0.0,0.0,,,,created,
33,FI_10,FI_10 fossil_other,fossil_other,746.0032803,0.0,110.19,1.0,const,0.0,1.0,const,const,0.6,0.0,0.0,0.0,,,,updated,
34,FI_10,FI_10 nuclear,nuclear,3170.968424,634.1936847,9.37,1.0,const,0.0,1.0,const,const,0.6,0.0,0.0,0.0,,,,updated,
35,FI_10,FI_10 solar,solar,10.88210868,0.0,0.01,0.8,solar_FI,0.0,1.0,const,const,0.6,0.0,0.0,0.0,,,,updated,
36,FI_10,FI_10 wind_on,wind_on,1904.137485,0.0,0.015,0.8,windon_FI,0.0,1.0,const,const,0.6,0.0,0.0,0.0,,,,updated,
37,FI_10,FI_10 biomass,biomass,644.3597545,0.0,15.0,1.0,const,0.0,1.0,const,const,0.6,0.0,0.0,0.0,,,,updated,
38,FI_10,FI_10 ror,ror,464.86202957019,0.0,0.0,0.46,inflow_NO1,0.0,17.5,ror,const,0.6,0.0,0.0,0.0,,,,created,
39,FI_10,FI_10 hydro,hydro,11.83098591530781,0.0,1.0,0.46,inflow_NO1,0.0,17.5,hydro,const,0.6,0.0,0.0,0.0,,,,created,
40,FI_10,FI_10 fossil_gas,fossil_gas,403.3326239,0.0,137.52,1.0,const,0.0,1.0,const,const,0.6,0.0,0.0,0.0,,,,created,
41,FI_10,FI_10 wind_off,wind_off,44.0,0.0,0.015,0.8,windoff_DE_Baltic2,0.0,1.0,const,const,0.6,0.0,0.0,0.0,61.629,21.354,,updated,
42,FI_11,FI_11 ror,ror,129.54790126557828,0.0,0.0,0.46,inflow_NO1,0.0,17.5,ror,const,0.6,0.0,0.0,0.0,,,,created,
43,FI_11,FI_11 wind_on,wind_on,530.6456523,0.0,0.015,0.8,windon_FI,0.0,1.0,const,const,0.6,0.0,0.0,0.0,,,,updated,
44,FI_11,FI_11 solar,solar,3.032629579,0.0,0.01,0.8,solar_FI,0.0,1.0,const,const,0.6,0.0,0.0,0.0,,,,updated,
45,FI_11,FI_11 fossil_other,fossil_other,207.8964363,0.0,110.19,1.0,const,0.0,1.0,const,const,0.6,0.0,0.0,0.0,,,,updated,
46,FI_11,FI_11 fossil_gas,fossil_gas,112.4008665,0.0,137.52,1.0,const,0.0,1.0,const,const,0.6,0.0,0.0,0.0,,,,updated,
47,FI_11,FI_11 biomass,biomass,179.5703855,0.0,15.0,1.0,const,0.0,1.0,const,const,0.6,0.0,0.0,0.0,,,,updated,
48,FI_12,FI_12 biomass,biomass,242.4311539,0.0,15.0,1.0,const,0.0,1.0,const,const,0.6,0.0,0.0,0.0,,,,updated,
49,FI_12,FI_12 fossil_gas,fossil_gas,151.7481387,0.0,137.52,1.0,const,0.0,1.0,const,const,0.6,0.0,0.0,0.0,,,,updated,
50,FI_12,FI_12 fossil_other,fossil_other,280.6730786,0.0,110.19,1.0,const,0.0,1.0,const,const,0.6,0.0,0.0,0.0,,,,updated,
51,FI_12,FI_12 nuclear,nuclear,1193.031576,238.6063153,9.37,1.0,const,0.0,1.0,const,const,0.6,0.0,0.0,0.0,,,,updated,
52,FI_12,FI_12 solar,solar,4.094237956,0.0,0.01,0.8,solar_FI,0.0,1.0,const,const,0.6,0.0,0.0,0.0,,,,updated,
53,FI_12,FI_12 wind_on,wind_on,716.4045308,0.0,0.015,0.8,windon_FI,0.0,1.0,const,const,0.6,0.0,0.0,0.0,,,,updated,
54,FI_12,FI_12 ror,ror,174.89769872965732,0.0,0.0,0.46,inflow_NO1,0.0,17.5,ror,const,0.6,0.0,0.0,0.0,,,,created,
55,FI_13,FI_13 biomass,biomass,308.0384063,0.0,15.0,1.0,const,0.0,1.0,const,const,0.6,0.0,0.0,0.0,,,,updated,
56,FI_13,FI_13 fossil_gas,fossil_gas,192.814554,0.0,137.52,1.0,const,0.0,1.0,const,const,0.6,0.0,0.0,0.0,,,,updated,
57,FI_13,FI_13 fossil_other,fossil_other,356.6294449,0.0,110.19,1.0,const,0.0,1.0,const,const,0.6,0.0,0.0,0.0,,,,updated,
58,FI_13,FI_13 solar,solar,5.202229643,0.0,0.01,0.8,solar_FI,0.0,1.0,const,const,0.6,0.0,0.0,0.0,,,,updated,
59,FI_13,FI_13 wind_on,wind_on,910.2795018,0.0,0.015,0.8,windon_FI,0.0,1.0,const,const,0.6,0.0,0.0,0.0,,,,updated,
60,FI_13,FI_13 ror,ror,222.2288988697617,0.0,0.0,0.46,inflow_NO1,0.0,17.5,ror,const,0.6,0.0,0.0,0.0,,,,created,
61,FI_14,FI_14 wind_on,wind_on,350.7515625,0.0,0.015,0.8,windon_FI,0.0,1.0,const,const,0.6,0.0,0.0,0.0,,,,updated,
62,FI_14,FI_14 ror,ror,85.62988992823742,0.0,0.0,0.46,inflow_NO1,0.0,17.5,ror,const,0.6,0.0,0.0,0.0,,,,created,
63,FI_14,FI_14 hydro,hydro,2.3239436619354628,0.0,1.0,0.46,inflow_NO1,0.0,17.5,hydro,const,0.6,0.0,0.0,0.0,,,,created,
64,FI_14,FI_14 fossil_other,fossil_other,137.4175018,0.0,110.19,1.0,const,0.0,1.0,const,const,0.6,0.0,0.0,0.0,,,,updated,
65,FI_14,FI_14 fossil_gas,fossil_gas,74.29586843,0.0,137.52,1.0,const,0.0,1.0,const,const,0.6,0.0,0.0,0.0,,,,updated,
66,FI_14,FI_14 biomass,biomass,118.6942605,0.0,15.0,1.0,const,0.0,1.0,const,const,0.6,0.0,0.0,0.0,,,,updated,
67,FI_14,FI_14 solar,solar,2.004538356,0.0,0.01,0.8,solar_FI,0.0,1.0,const,const,0.6,0.0,0.0,0.0,,,,updated,
68,FI_2,FI_2 ror,ror,54.851327632944425,0.0,0.0,0.46,inflow_NO1,0.0,17.5,ror,const,0.6,0.0,0.0,0.0,,,,created,
69,FI_2,FI_2 wind_on,wind_on,224.6784259,0.0,0.015,0.8,windon_FI,0.0,1.0,const,const,0.6,0.0,0.0,0.0,,,,updated,
70,FI_2,FI_2 hydro,hydro,18.16901408422271,0.0,1.0,0.46,inflow_NO1,0.0,17.5,hydro,const,0.6,0.0,0.0,5.0,,,,updated,
71,FI_2,FI_2 solar,solar,1.284032833,0.0,0.01,0.8,solar_FI,0.0,1.0,const,const,0.6,0.0,0.0,0.0,,,,created,
72,FI_2,FI_2 biomass,biomass,76.03113561,0.0,15.0,1.0,const,0.0,1.0,const,const,0.6,0.0,0.0,0.0,,,,created,
73,FI_2,FI_2 fossil_gas,fossil_gas,47.59117436,0.0,137.52,1.0,const,0.0,1.0,const,const,0.6,0.0,0.0,0.0,,,,created,
74,FI_2,FI_2 fossil_other,fossil_other,88.02454867,0.0,110.19,1.0,const,0.0,1.0,const,const,0.6,0.0,0.0,0.0,,,,created,
75,FI_3,FI_3 ror,ror,163.8391691523656,0.0,0.0,0.46,inflow_NO1,0.0,17.5,ror,const,0.6,0.0,0.0,0.0,,,,created,
76,FI_3,FI_3 solar,solar,3.835365188,0.0,0.01,0.8,solar_FI,0.0,1.0,const,const,0.6,0.0,0.0,0.0,,,,created,
77,FI_3,FI_3 fossil_gas,fossil_gas,142.1533225,0.0,137.52,1.0,const,0.0,1.0,const,const,0.6,0.0,0.0,0.0,,,,created,
78,FI_3,FI_3 wind_on,wind_on,671.1073044,0.0,0.015,0.8,windon_FI,0.0,1.0,const,const,0.6,0.0,0.0,0.0,,,,updated,
79,FI_3,FI_3 fossil_other,fossil_other,262.9265242,0.0,110.19,1.0,const,0.0,1.0,const,const,0.6,0.0,0.0,0.0,,,,updated,
80,FI_3,FI_3 biomass,biomass,227.1025812,0.0,15.0,1.0,const,0.0,1.0,const,const,0.6,0.0,0.0,0.0,,,,updated,
81,FI_4,FI_4 biomass,biomass,253.5524027,0.0,15.0,1.0,const,0.0,1.0,const,const,0.6,0.0,0.0,0.0,,,,updated,
82,FI_4,FI_4 fossil_gas,fossil_gas,158.7094091,0.0,137.52,1.0,const,0.0,1.0,const,const,0.6,0.0,0.0,0.0,,,,updated,
83,FI_4,FI_4 wind_on,wind_on,749.2687604,0.0,0.015,0.8,windon_FI,0.0,1.0,const,const,0.6,0.0,0.0,0.0,,,,updated,
84,FI_4,FI_4 fossil_other,fossil_other,293.5486316,0.0,110.19,1.0,const,0.0,1.0,const,const,0.6,0.0,0.0,0.0,,,,created,
85,FI_4,FI_4 solar,solar,4.282056388,0.0,0.01,0.8,solar_FI,0.0,1.0,const,const,0.6,0.0,0.0,0.0,,,,created,
86,FI_4,FI_4 hydro,hydro,35.49295774592343,0.0,1.0,0.46,inflow_NO1,0.0,17.5,hydro,const,0.6,0.0,0.0,0.0,,,,created,
87,FI_4,FI_4 ror,ror,182.9209284478416,0.0,0.0,0.46,inflow_NO1,0.0,17.5,ror,const,0.6,0.0,0.0,0.0,,,,created,
88,FI_5,FI_5 hydro,hydro,4.436619718240428,0.0,1.0,0.46,inflow_NO1,0.0,17.5,hydro,const,0.6,0.0,0.0,0.0,,,,created,
89,FI_5,FI_5 ror,ror,43.76373591480809,0.0,0.0,0.46,inflow_NO1,0.0,17.5,ror,const,0.6,0.0,0.0,0.0,,,,created,
90,FI_5,FI_5 wind_on,wind_on,179.2621568,0.0,0.015,0.8,windon_FI,0.0,1.0,const,const,0.6,0.0,0.0,0.0,,,,updated,
91,FI_5,FI_5 solar,solar,1.024479739,0.0,0.01,0.8,solar_FI,0.0,1.0,const,const,0.6,0.0,0.0,0.0,,,,updated,
92,FI_5,FI_5 biomass,biomass,60.662279,0.0,15.0,1.0,const,0.0,1.0,const,const,0.6,0.0,0.0,0.0,,,,created,
93,FI_5,FI_5 fossil_other,fossil_other,70.23135571,0.0,110.19,1.0,const,0.0,1.0,const,const,0.6,0.0,0.0,0.0,,,,updated,
94,FI_5,FI_5 fossil_gas,fossil_gas,37.97114266,0.0,137.52,1.0,const,0.0,1.0,const,const,0.6,0.0,0.0,0.0,,,,created,
95,FI_6,FI_6 solar,solar,3.324316015,0.0,0.01,0.8,solar_FI,0.0,1.0,const,const,0.6,0.0,0.0,0.0,,,,updated,
96,FI_6,FI_6 fossil_gas,fossil_gas,123.211883,0.0,137.52,1.0,const,0.0,1.0,const,const,0.6,0.0,0.0,0.0,,,,created,
97,FI_6,FI_6 hydro,hydro,20.07042253489718,0.0,1.0,0.46,inflow_NO1,0.0,17.5,hydro,const,0.6,0.0,0.0,0.0,,,,created,
98,FI_6,FI_6 wind_on,wind_on,581.6845726,0.0,0.015,0.8,windon_FI,0.0,1.0,const,const,0.6,0.0,0.0,0.0,,,,updated,
99,FI_6,FI_6 fossil_other,fossil_other,227.8924724,0.0,110.19,1.0,const,0.0,1.0,const,const,0.6,0.0,0.0,0.0,,,,updated,
100,FI_6,FI_6 biomass,biomass,196.8419462,0.0,15.0,1.0,const,0.0,1.0,const,const,0.6,0.0,0.0,0.0,,,,updated,
101,FI_6,FI_6 ror,ror,142.00816542031288,0.0,0.0,0.46,inflow_NO1,0.0,17.5,ror,const,0.6,0.0,0.0,0.0,,,,created,
102,FI_7,FI_7 fossil_gas,fossil_gas,78.84830815,0.0,137.52,1.0,const,0.0,1.0,const,const,0.6,0.0,0.0,0.0,,,,created,
103,FI_7,FI_7 hydro,hydro,59.859154928640706,0.0,1.0,0.46,inflow_NO1,0.0,17.5,hydro,const,0.6,0.0,0.0,0.0,,,,created,
104,FI_7,FI_7 ror,ror,90.87681577322572,0.0,0.0,0.46,inflow_NO1,0.0,17.5,ror,const,0.6,0.0,0.0,0.0,,,,created,
105,FI_7,FI_7 biomass,biomass,125.9671881,0.0,15.0,1.0,const,0.0,1.0,const,const,0.6,0.0,0.0,0.0,,,,updated,
106,FI_7,FI_7 fossil_other,fossil_other,145.8376859,0.0,110.19,1.0,const,0.0,1.0,const,const,0.6,0.0,0.0,0.0,,,,updated,
107,FI_7,FI_7 solar,solar,2.127365375,0.0,0.01,0.8,solar_FI,0.0,1.0,const,const,0.6,0.0,0.0,0.0,,,,updated,
108,FI_7,FI_7 wind_on,wind_on,372.2436775,0.0,0.015,0.8,windon_FI,0.0,1.0,const,const,0.6,0.0,0.0,0.0,,,,updated,
109,FI_8,FI_8 biomass,biomass,71.7028617,0.0,15.0,1.0,const,0.0,1.0,const,const,0.6,0.0,0.0,0.0,,,,updated,
110,FI_8,FI_8 fossil_other,fossil_other,83.01351793,0.0,110.19,1.0,const,0.0,1.0,const,const,0.6,0.0,0.0,0.0,,,,updated,
111,FI_8,FI_8 wind_on,wind_on,211.888011,0.0,0.015,0.8,windon_FI,0.0,1.0,const,const,0.6,0.0,0.0,0.0,,,,updated,
112,FI_8,FI_8 ror,ror,51.728770428767945,0.0,0.0,0.46,inflow_NO1,0.0,17.5,ror,const,0.6,0.0,0.0,0.0,,,,created,
113,FI_8,FI_8 hydro,hydro,2.394366197145628,0.0,1.0,0.46,inflow_NO1,0.0,17.5,hydro,const,0.6,0.0,0.0,0.0,,,,created,
114,FI_8,FI_8 solar,solar,1.210935861,0.0,0.01,0.8,solar_FI,0.0,1.0,const,const,0.6,0.0,0.0,0.0,,,,updated,
115,FI_8,FI_8 fossil_gas,fossil_gas,44.88192062,0.0,137.52,1.0,const,0.0,1.0,const,const,0.6,0.0,0.0,0.0,,,,created,
116,FI_9,FI_9 ror,ror,76.72144366077119,0.0,0.0,0.46,inflow_NO1,0.0,17.5,ror,const,0.6,0.0,0.0,0.0,,,,created,
117,FI_9,FI_9 biomass,biomass,106.3459854,0.0,15.0,1.0,const,0.0,1.0,const,const,0.6,0.0,0.0,0.0,,,,updated,
118,FI_9,FI_9 fossil_other,fossil_other,123.1213673,0.0,110.19,1.0,const,0.0,1.0,const,const,0.6,0.0,0.0,0.0,,,,updated,
119,FI_9,FI_9 solar,solar,1.795997598,0.0,0.01,0.8,solar_FI,0.0,1.0,const,const,0.6,0.0,0.0,0.0,,,,updated,
120,FI_9,FI_9 wind_on,wind_on,314.261367,0.0,0.015,0.8,windon_FI,0.0,1.0,const,const,0.6,0.0,0.0,0.0,,,,updated,
121,FI_9,FI_9 fossil_gas,fossil_gas,66.56654928,0.0,137.52,1.0,const,0.0,1.0,const,const,0.6,0.0,0.0,0.0,,,,updated,
122,NO1_1,NO1_1 wind_on,wind_on,111.4826843900188,0.0,0.015,0.8,windon_NO1,0.0,1.0,const,const,0.6,0.0,0.0,0.0,,,,updated,
123,NO1_1,NO1_1 biomass,biomass,6.004437069,0.0,15.0,1.0,const,0.0,1.0,const,const,0.6,0.0,0.0,0.0,,,,created,
124,NO1_1,NO1_1 fossil_gas,fossil_gas,1.236207632,0.0,137.52,1.0,const,0.0,1.0,const,const,0.6,0.0,0.0,0.0,,,,created,
125,NO1_1,NO1_1 solar,solar,328.82454488168577,0.0,0.01,0.8,solar_NO1,0.0,1.0,const,const,0.6,0.0,0.0,0.0,,,,created,
126,NO1_1,NO1_1 ror,ror,746.9320723768111,0.0,0.0,0.46,inflow_NO1,0.0,13.0,ror,const,0.6,0.0,0.0,0.0,,,,created,
127,NO1_1,NO1_1 hydro,hydro,402.9237266927304,0.0,0.0,0.46,inflow_NO1,2324337.478771869,13.0,hydro,const,0.6,0.0,0.0,5.0,,,,updated,
128,NO1_2,NO1_2 biomass,biomass,3.373183272,0.0,15.0,1.0,const,0.0,1.0,const,const,0.6,0.0,0.0,0.0,,,,created,
129,NO1_2,NO1_2 hydro,hydro,226.35520341977102,0.0,0.0,0.46,inflow_NO1,1305770.4174872846,13.0,hydro,const,0.6,0.0,0.0,5.0,,,,updated,
130,NO1_2,NO1_2 wind_on,wind_on,62.628939529315424,0.0,0.015,0.8,windon_NO1,0.0,1.0,const,const,0.6,0.0,0.0,0.0,,,,updated,
131,NO1_2,NO1_2 fossil_gas,fossil_gas,0.694478909,0.0,137.52,1.0,const,0.0,1.0,const,const,0.6,0.0,0.0,0.0,,,,created,
132,NO1_2,NO1_2 solar,solar,184.72763412905843,0.0,0.01,0.8,solar_NO1,0.0,1.0,const,const,0.6,0.0,0.0,0.0,,,,created,
133,NO1_2,NO1_2 ror,ror,419.612820196613,0.0,0.0,0.46,inflow_NO1,0.0,13.0,ror,const,0.6,0.0,0.0,0.0,,,,created,
134,NO1_3,NO1_3 fossil_gas,fossil_gas,3.982969984,0.0,137.52,1.0,const,0.0,1.0,const,const,0.6,0.0,0.0,0.0,,,,created,
135,NO1_3,NO1_3 biomass,biomass,19.34585421,0.0,15.0,1.0,const,0.0,1.0,const,const,0.6,0.0,0.0,0.0,,,,created,
136,NO1_3,NO1_3 wind_on,wind_on,359.18900196529074,0.0,0.015,0.8,windon_NO1,0.0,1.0,const,const,0.6,0.0,0.0,0.0,,,,updated,
137,NO1_3,NO1_3 hydro,hydro,1298.1905849317536,0.0,0.0,0.46,inflow_NO1,7488844.243066694,13.0,hydro,const,0.6,0.0,0.0,5.0,,,,updated,
138,NO1_3,NO1_3 solar,solar,1059.4484762641364,0.0,0.01,0.8,solar_NO1,0.0,1.0,const,const,0.6,0.0,0.0,0.0,,,,updated,
139,NO1_3,NO1_3 ror,ror,2406.560149535442,0.0,0.0,0.46,inflow_NO1,0.0,13.0,ror,const,0.6,0.0,0.0,0.0,,,,created,
140,NO1_4,NO1_4 solar,solar,100.66888913886568,0.0,0.01,0.8,solar_NO1,0.0,1.0,const,const,0.6,0.0,0.0,0.0,,,,created,
141,NO1_4,NO1_4 ror,ror,228.6715611597416,0.0,0.0,0.46,inflow_NO1,0.0,13.0,ror,const,0.6,0.0,0.0,0.0,,,,created,
142,NO1_4,NO1_4 fossil_gas,fossil_gas,0.378462165,0.0,137.52,1.0,const,0.0,1.0,const,const,0.6,0.0,0.0,0.0,,,,created,
143,NO1_4,NO1_4 biomass,biomass,1.8382448,0.0,15.0,1.0,const,0.0,1.0,const,const,0.6,0.0,0.0,0.0,,,,created,
144,NO1_4,NO1_4 wind_on,wind_on,34.13017115182041,0.0,0.015,0.8,windon_NO1,0.0,1.0,const,const,0.6,0.0,0.0,0.0,,,,updated,
145,NO1_4,NO1_4 hydro,hydro,123.35418570452273,0.0,0.0,0.46,inflow_NO1,711590.6509381775,13.0,hydro,const,0.6,0.0,0.0,5.0,,,,updated,
146,NO1_5,NO1_5 biomass,biomass,3.438280653,0.0,15.0,1.0,const,0.0,1.0,const,const,0.6,0.0,0.0,0.0,,,,created,
147,NO1_5,NO1_5 wind_on,wind_on,63.83758417941293,0.0,0.015,0.8,windon_NO1,0.0,1.0,const,const,0.6,0.0,0.0,0.0,,,,updated,
148,NO1_5,NO1_5 ror,ror,427.71071851247945,0.0,0.0,0.46,inflow_NO1,0.0,13.0,ror,const,0.6,0.0,0.0,0.0,,,,created,
149,NO1_5,NO1_5 hydro,hydro,230.72351963569812,0.0,0.0,0.46,inflow_NO1,1330969.8292553157,13.0,hydro,const,0.6,0.0,0.0,0.0,,,,created,
150,NO1_5,NO1_5 fossil_gas,fossil_gas,0.707881311,0.0,137.52,1.0,const,0.0,1.0,const,const,0.6,0.0,0.0,0.0,,,,created,
151,NO1_5,NO1_5 solar,solar,188.29260052006939,0.0,0.01,0.8,solar_NO1,0.0,1.0,const,const,0.6,0.0,0.0,0.0,,,,created,
152,NO2_1,NO2_1 ror,ror,1086.2575859179492,0.0,0.0,0.46,inflow_NO2,0.0,17.0,ror,const,0.6,0.0,0.0,0.0,,,,created,
154,NO2_1,NO2_1 fossil_gas,fossil_gas,13.24292607,0.0,137.52,1.0,const,0.0,1.0,const,const,0.6,0.0,0.0,0.0,,,,created,
155,NO2_1,NO2_1 biomass,biomass,12.66714667,0.0,15.0,1.0,const,0.0,1.0,const,const,0.6,0.0,0.0,0.0,,,,created,
156,NO2_1,NO2_1 hydro,hydro,7446.883305594586,0.0,0.0,0.46,inflow_NO2,23818985.223341756,17.0,hydro,const,0.6,0.0,0.0,5.0,,,,updated,
157,NO2_1,NO2_1 solar,solar,1169.2690831649945,0.0,0.01,0.8,solar_NO2,0.0,1.0,const,const,0.6,0.0,0.0,0.0,,,,updated,
158,NO2_1,NO2_1 wind_on,wind_on,1295.4261305672483,0.0,0.015,0.8,windon_NO2,0.0,1.0,const,const,0.6,0.0,0.0,0.0,,,,updated,
159,NO2_2,NO2_2 hydro,hydro,489.86074795046585,0.0,0.0,0.46,inflow_NO2,1566828.0856615487,17.0,hydro,const,0.6,0.0,0.0,5.0,,,,updated,
160,NO2_2,NO2_2 biomass,biomass,0.833253012,0.0,15.0,1.0,const,0.0,1.0,const,const,0.6,0.0,0.0,0.0,,,,created,
161,NO2_2,NO2_2 fossil_gas,fossil_gas,0.871128149,0.0,137.52,1.0,const,0.0,1.0,const,const,0.6,0.0,0.0,0.0,,,,created,
162,NO2_2,NO2_2 wind_on,wind_on,85.2139596204987,0.0,0.015,0.8,windon_NO2,0.0,1.0,const,const,0.6,0.0,0.0,0.0,,,,updated,
163,NO2_2,NO2_2 ror,ror,71.45471894168698,0.0,0.0,0.46,inflow_NO2,0.0,17.0,ror,const,0.6,0.0,0.0,0.0,,,,created,
165,NO2_3,NO2_3 biomass,biomass,1.926978928,0.0,15.0,1.0,const,0.0,1.0,const,const,0.6,0.0,0.0,0.0,,,,created,
166,NO2_3,NO2_3 fossil_gas,fossil_gas,2.01456888,0.0,137.52,1.0,const,0.0,1.0,const,const,0.6,0.0,0.0,0.0,,,,created,
168,NO2_3,NO2_3 ror,ror,165.24601265526854,0.0,0.0,0.46,inflow_NO2,0.0,17.0,ror,const,0.6,0.0,0.0,0.0,,,,created,
169,NO2_3,NO2_3 wind_on,wind_on,197.06559976209607,0.0,0.015,0.8,windon_NO2,0.0,1.0,const,const,0.6,0.0,0.0,0.0,,,,updated,
170,NO2_3,NO2_3 hydro,hydro,1132.8507975156017,0.0,0.0,0.46,inflow_NO2,3623442.894632992,17.0,hydro,const,0.6,0.0,0.0,5.0,,,,updated,
171,NO2_4,NO2_4 biomass,biomass,4.296969472,0.0,15.0,1.0,const,0.0,1.0,const,const,0.6,0.0,0.0,0.0,,,,created,
172,NO2_4,NO2_4 fossil_gas,fossil_gas,4.492286267,0.0,137.52,1.0,const,0.0,1.0,const,const,0.6,0.0,0.0,0.0,,,,created,
174,NO2_4,NO2_4 ror,ror,368.48201145509097,0.0,0.0,0.46,inflow_NO2,0.0,17.0,ror,const,0.6,0.0,0.0,0.0,,,,created,
175,NO2_4,NO2_4 wind_on,wind_on,439.4364950522559,0.0,0.015,0.8,windon_NO2,0.0,1.0,const,const,0.6,0.0,0.0,0.0,,,,updated,
176,NO2_4,NO2_4 hydro,hydro,2526.1434992865175,0.0,0.0,0.46,inflow_NO2,8079913.731219127,17.0,hydro,const,0.6,0.0,0.0,5.0,,,,updated,
177,NO2_5,NO2_5 wind_on,wind_on,232.72320336003438,0.0,0.015,0.8,windon_NO2,0.0,1.0,const,const,0.6,0.0,0.0,0.0,,,,updated,
178,NO2_5,NO2_5 biomass,biomass,2.275651913,0.0,15.0,1.0,const,0.0,1.0,const,const,0.6,0.0,0.0,0.0,,,,created,
180,NO2_5,NO2_5 fossil_gas,fossil_gas,2.379090636,0.0,137.52,1.0,const,0.0,1.0,const,const,0.6,0.0,0.0,0.0,,,,created,
181,NO2_5,NO2_5 hydro,hydro,1337.8320049852287,0.0,0.0,0.46,inflow_NO2,4279078.837648679,17.0,hydro,const,0.6,0.0,0.0,5.0,,,,updated,
182,NO2_5,NO2_5 ror,ror,195.1460906136232,0.0,0.0,0.46,inflow_NO2,0.0,17.0,ror,const,0.6,0.0,0.0,0.0,,,,created,
183,NO3_1,NO3_1 wind_on,wind_on,764.6072055142974,0.0,0.015,1.0,windon_NO3,0.0,1.0,const,const,0.6,0.0,0.0,0.0,,,,updated,
184,NO3_1,NO3_1 biomass,biomass,16.93313544,0.0,15.0,1.0,const,0.0,1.0,const,const,0.6,0.0,0.0,0.0,,,,created,
185,NO3_1,NO3_1 hydro,hydro,871.945949080681,0.0,0.0,0.46,inflow_NO3,2360648.8036837624,9.5,hydro,const,0.6,0.0,0.0,5.0,,,,updated,
186,NO3_1,NO3_1 ror,ror,375.6228959571889,0.0,0.0,0.46,inflow_NO3,0.0,9.5,ror,const,0.6,0.0,0.0,0.0,,,,created,
187,NO3_1,NO3_1 solar,solar,1566.771861350393,0.0,0.01,0.8,solar_NO3,0.0,1.0,const,const,0.6,0.0,0.0,0.0,,,,updated,
188,NO3_2,NO3_2 biomass,biomass,12.7552679,0.0,15.0,1.0,const,0.0,1.0,const,const,0.6,0.0,0.0,0.0,,,,created,
189,NO3_2,NO3_2 wind_on,wind_on,575.9577003782098,0.0,0.015,1.0,windon_NO3,0.0,1.0,const,const,0.6,0.0,0.0,0.0,,,,updated,
190,NO3_2,NO3_2 ror,ror,282.9464564307108,0.0,0.0,0.46,inflow_NO3,0.0,9.5,ror,const,0.6,0.0,0.0,0.0,,,,created,
191,NO3_2,NO3_2 hydro,hydro,656.8130407373671,0.0,0.0,0.46,inflow_NO3,1778212.1942211569,9.5,hydro,const,0.6,0.0,0.0,5.0,,,,updated,
192,NO3_3,NO3_3 hydro,hydro,983.2458343151002,0.0,0.0,0.46,inflow_NO3,2661974.7530184034,9.5,hydro,const,0.6,0.0,0.0,5.0,,,,updated,
193,NO3_3,NO3_3 solar,solar,1260.6448338072912,0.0,0.01,0.8,solar_NO3,0.0,1.0,const,const,0.6,0.0,0.0,0.0,,,,updated,
194,NO3_3,NO3_3 ror,ror,423.5694289367375,0.0,0.0,0.46,inflow_NO3,0.0,9.5,ror,const,0.6,0.0,0.0,0.0,,,,created,
195,NO3_3,NO3_3 biomass,biomass,19.0945722,0.0,15.0,1.0,const,0.0,1.0,const,const,0.6,0.0,0.0,0.0,,,,created,
196,NO3_3,NO3_3 wind_on,wind_on,862.2057945053081,0.0,0.015,1.0,windon_NO3,0.0,1.0,const,const,0.6,0.0,0.0,0.0,,,,updated,
197,NO3_4,NO3_4 biomass,biomass,17.40413445,0.0,15.0,1.0,const,0.0,1.0,const,const,0.6,0.0,0.0,0.0,,,,created,
198,NO3_4,NO3_4 ror,ror,386.0709321075765,0.0,0.0,0.46,inflow_NO3,0.0,9.5,ror,const,0.6,0.0,0.0,0.0,,,,created,
199,NO3_4,NO3_4 hydro,hydro,896.1993237093571,0.0,0.0,0.46,inflow_NO3,2426310.7867115582,9.5,hydro,const,0.6,0.0,0.0,5.0,,,,updated,
200,NO3_4,NO3_4 solar,solar,1178.256547717317,0.0,0.01,0.8,solar_NO3,0.0,1.0,const,const,0.6,0.0,0.0,0.0,,,,updated,
201,NO3_4,NO3_4 wind_on,wind_on,785.8749286586371,0.0,0.015,1.0,windon_NO3,0.0,1.0,const,const,0.6,0.0,0.0,0.0,,,,updated,
202,NO3_5,NO3_5 biomass,biomass,6.812890004,0.0,15.0,1.0,const,0.0,1.0,const,const,0.6,0.0,0.0,0.0,,,,created,
203,NO3_5,NO3_5 ror,ror,151.1283886065857,0.0,0.0,0.46,inflow_NO3,0.0,9.5,ror,const,0.6,0.0,0.0,0.0,,,,created,
204,NO3_5,NO3_5 hydro,hydro,350.8193661062924,0.0,0.0,0.46,inflow_NO3,949785.1532945741,9.5,hydro,const,0.6,0.0,0.0,5.0,,,,updated,
205,NO3_5,NO3_5 solar,solar,1745.9009645692508,0.0,0.01,0.8,solar_NO3,0.0,1.0,const,const,0.6,0.0,0.0,0.0,,,,updated,
206,NO3_5,NO3_5 wind_on,wind_on,307.63261809239884,0.0,0.015,1.0,windon_NO3,0.0,1.0,const,const,0.6,0.0,0.0,0.0,,,,updated,
207,NO4_1,NO4_1 fossil_gas,fossil_gas,92.97081594,0.0,137.52,1.0,const,0.0,1.0,const,const,0.6,0.0,0.0,0.0,,,,updated,
208,NO4_1,NO4_1 biomass,biomass,27.96387823,0.0,15.0,1.0,const,0.0,1.0,const,const,0.6,0.0,0.0,0.0,,,,created,
209,NO4_1,NO4_1 wind_on,wind_on,655.0171482373983,0.0,0.015,0.8,windon_NO4,0.0,1.0,const,const,0.6,0.0,0.0,0.0,,,,updated,
210,NO4_1,NO4_1 ror,ror,335.3535164218952,0.0,0.0,0.46,inflow_NO4,0.0,14.0,ror,const,0.6,0.0,0.0,0.0,,,,created,
211,NO4_1,NO4_1 hydro,hydro,2282.4476171316346,0.0,0.0,0.46,inflow_NO4,9355318.492766874,14.0,hydro,const,0.6,0.0,0.0,5.0,,,,updated,
212,NO4_2,NO4_2 hydro,hydro,1034.3477138823941,0.0,0.0,0.46,inflow_NO4,4239594.46895354,14.0,hydro,const,0.6,0.0,0.0,5.0,,,,updated,
213,NO4_2,NO4_2 wind_on,wind_on,296.83725692235816,0.0,0.015,0.8,windon_NO4,0.0,1.0,const,const,0.6,0.0,0.0,0.0,,,,updated,
214,NO4_2,NO4_2 ror,ror,151.9737584638951,0.0,0.0,0.46,inflow_NO4,0.0,14.0,ror,const,0.6,0.0,0.0,0.0,,,,created,
215,NO4_2,NO4_2 biomass,biomass,12.67252457,0.0,15.0,1.0,const,0.0,1.0,const,const,0.6,0.0,0.0,0.0,,,,created,
216,NO4_2,NO4_2 fossil_gas,fossil_gas,42.13202975,0.0,137.52,1.0,const,0.0,1.0,const,const,0.6,0.0,0.0,0.0,,,,created,
217,NO4_3,NO4_3 hydro,hydro,2968.043455316371,0.0,0.0,0.46,inflow_NO4,12165445.380944766,14.0,hydro,const,0.6,0.0,0.0,5.0,,,,updated,
218,NO4_3,NO4_3 wind_on,wind_on,851.7695413933886,0.0,0.015,0.8,windon_NO4,0.0,1.0,const,const,0.6,0.0,0.0,0.0,,,,updated,
219,NO4_3,NO4_3 fossil_gas,fossil_gas,120.8971543,0.0,137.52,1.0,const,0.0,1.0,const,const,0.6,0.0,0.0,0.0,,,,created,
220,NO4_3,NO4_3 biomass,biomass,36.3635972,0.0,15.0,1.0,const,0.0,1.0,const,const,0.6,0.0,0.0,0.0,,,,created,
221,NO4_3,NO4_3 ror,ror,436.08615689045195,0.0,0.0,0.46,inflow_NO4,0.0,14.0,ror,const,0.6,0.0,0.0,0.0,,,,created,
222,NO5_1,NO5_1 ror,ror,546.7785013365028,0.0,0.0,0.46,inflow_NO5,0.0,17.0,ror,const,0.6,0.0,0.0,0.0,,,,created,
223,NO5_1,NO5_1 fossil_gas,fossil_gas,114.9378084,0.0,137.52,1.0,const,0.0,1.0,const,const,0.6,0.0,0.0,0.0,,,,created,
224,NO5_1,NO5_1 hydro,hydro,4650.682163127692,0.0,0.0,0.46,inflow_NO5,9760798.908953067,17.0,hydro,const,0.6,0.0,0.0,5.0,,,,updated,
225,NO5_1,NO5_1 solar,solar,1339.272658433755,0.0,0.01,0.8,solar_NO5,0.0,1.0,const,const,0.6,0.0,0.0,0.0,,,,updated,
226,NO5_1,NO5_1 wind_on,wind_on,65.56210382291223,0.0,0.015,0.8,windon_NO5,0.0,1.0,const,const,0.6,0.0,0.0,0.0,,,,updated,
227,NO5_1,NO5_1 biomass,biomass,19.15630139,0.0,15.0,1.0,const,0.0,1.0,const,const,0.6,0.0,0.0,0.0,,,,created,
228,NO5_2,NO5_2 ror,ror,366.59781723304286,0.0,0.0,0.46,inflow_NO5,0.0,17.0,ror,const,0.6,0.0,0.0,0.0,,,,created,
229,NO5_2,NO5_2 biomass,biomass,12.84369861,0.0,15.0,1.0,const,0.0,1.0,const,const,0.6,0.0,0.0,0.0,,,,created,
230,NO5_2,NO5_2 wind_on,wind_on,153.401932897099,0.0,0.015,0.8,windon_NO5,0.0,1.0,const,const,0.6,0.0,0.0,0.0,,,,updated,
231,NO5_2,NO5_2 solar,solar,1177.921906023183,0.0,0.01,0.8,solar_NO5,0.0,1.0,const,const,0.6,0.0,0.0,0.0,,,,updated,
232,NO5_2,NO5_2 hydro,hydro,3118.136367126953,0.0,0.0,0.46,inflow_NO5,6544309.196826937,17.0,hydro,const,0.6,0.0,0.0,5.0,,,,updated,
233,NO5_2,NO5_2 fossil_gas,fossil_gas,77.06219164,0.0,137.52,1.0,const,0.0,1.0,const,const,0.6,0.0,0.0,0.0,,,,updated,
234,SE1_1,SE1_1 fossil_other,fossil_other,101.022412,0.0,110.19,1.0,const,0.0,1.0,const,const,0.6,0.0,0.0,0.0,,,,created,
235,SE1_1,SE1_1 solar,solar,11.88498965,0.0,0.01,0.8,solar_SE1,0.0,1.0,const,const,0.6,0.0,0.0,0.0,,,,created,
236,SE1_1,SE1_1 ror,ror,1119.672294283692,0.0,0.0,0.46,inflow_NO1,2121805.25526924,10.0,ror,const,0.6,0.0,0.0,0.0,,,,created,
237,SE1_1,SE1_1 wind_on,wind_on,1273.391748,0.0,0.015,0.8,windon_SE1,0.0,1.0,const,const,0.6,0.0,0.0,0.0,,,,updated,
238,SE1_1,SE1_1 hydro,hydro,1082.4465022179731,0.0,1.0,0.46,inflow_NO1,4189973.176692321,10.0,hydro,const,0.6,0.0,0.0,5.0,,,,updated,
239,SE1_3,SE1_3 solar,solar,16.11501035,0.0,0.01,0.8,solar_SE1,0.0,1.0,const,const,0.6,0.0,0.0,0.0,,,,updated,
240,SE1_3,SE1_3 fossil_other,fossil_other,136.977588,0.0,110.19,1.0,const,0.0,1.0,const,const,0.6,0.0,0.0,0.0,,,,created,
241,SE1_3,SE1_3 wind_on,wind_on,1726.608252,0.0,0.015,0.8,windon_SE1,0.0,1.0,const,const,0.6,0.0,0.0,0.0,,,,updated,
242,SE1_3,SE1_3 hydro,hydro,1467.703136888774,0.0,1.0,0.46,inflow_NO1,5681238.528390125,10.0,hydro,const,0.6,0.0,0.0,0.0,,,,created,
243,SE1_3,SE1_3 ror,ror,1518.1780666095608,0.0,0.0,0.46,inflow_NO1,2876983.0396483126,10.0,ror,const,0.6,0.0,0.0,0.0,,,,created,
244,SE2_2,SE2_2 wind_on,wind_on,1868.726803,0.0,0.015,1.0,windon_SE2,0.0,1.0,const,const,0.6,0.0,0.0,0.0,,,,updated,
245,SE2_2,SE2_2 solar,solar,45.73902624,0.0,0.01,0.8,solar_SE2,0.0,1.0,const,const,0.6,0.0,0.0,0.0,,,,updated,
246,SE2_2,SE2_2 ror,ror,2057.0177446699745,0.0,0.0,0.46,inflow_NO1,2050040.636655847,10.0,ror,const,0.6,0.0,0.0,0.0,,,,created,
247,SE2_2,SE2_2 hydro,hydro,228.29024920311065,0.0,1.0,0.46,inflow_NO1,2299275.15195676,10.0,hydro,const,0.6,0.0,0.0,0.0,,,,created,
248,SE2_2,SE2_2 fossil_other,fossil_other,218.2874486,0.0,110.19,1.0,const,0.0,1.0,const,const,0.6,0.0,0.0,0.0,,,,created,
249,SE2_3,SE2_3 fossil_other,fossil_other,227.8829869,0.0,110.19,1.0,const,0.0,1.0,const,const,0.6,0.0,0.0,0.0,,,,created,
250,SE2_3,SE2_3 ror,ror,2147.440683126535,0.0,0.0,0.46,inflow_NO1,2140156.873250401,10.0,ror,const,0.6,0.0,0.0,0.0,,,,created,
251,SE2_3,SE2_3 wind_on,wind_on,1950.872797,0.0,0.015,1.0,windon_SE2,0.0,1.0,const,const,0.6,0.0,0.0,0.0,,,,updated,
252,SE2_3,SE2_3 solar,solar,47.74963464,0.0,0.01,0.8,solar_SE2,0.0,1.0,const,const,0.6,0.0,0.0,0.0,,,,updated,
253,SE2_3,SE2_3 hydro,hydro,238.32549333086843,0.0,1.0,0.46,inflow_NO1,2400347.306596545,10.0,hydro,const,0.6,0.0,0.0,0.0,,,,created,
254,SE2_4,SE2_4 hydro,hydro,48.87571409373263,0.0,1.0,0.46,inflow_NO1,492262.4393139945,10.0,hydro,const,0.6,0.0,0.0,0.0,,,,created,
255,SE2_4,SE2_4 ror,ror,440.39643175348994,0.0,0.0,0.46,inflow_NO1,438902.6704973548,10.0,ror,const,0.6,0.0,0.0,0.0,,,,created,
256,SE2_4,SE2_4 solar,solar,9.792479429,0.0,0.01,0.8,solar_SE2,0.0,1.0,const,const,0.6,0.0,0.0,0.0,,,,updated,
257,SE2_4,SE2_4 wind_on,wind_on,400.0843542,0.0,0.015,1.0,windon_SE2,0.0,1.0,const,const,0.6,0.0,0.0,0.0,,,,updated,
258,SE2_4,SE2_4 fossil_other,fossil_other,46.73416829,0.0,110.19,1.0,const,0.0,1.0,const,const,0.6,0.0,0.0,0.0,,,,created,
259,SE2_5,SE2_5 hydro,hydro,105.53492466892976,0.0,1.0,0.46,inflow_NO1,1062918.0650262302,10.0,hydro,const,0.6,0.0,0.0,5.0,,,,updated,
260,SE2_5,SE2_5 wind_on,wind_on,863.882461,0.0,0.015,1.0,windon_SE2,0.0,1.0,const,const,0.6,0.0,0.0,0.0,,,,updated,
261,SE2_5,SE2_5 fossil_other,fossil_other,100.9107902,0.0,110.19,1.0,const,0.0,1.0,const,const,0.6,0.0,0.0,0.0,,,,created,
262,SE2_5,SE2_5 ror,ror,950.9263464924334,0.0,0.0,0.46,inflow_NO1,947700.941289902,10.0,ror,const,0.6,0.0,0.0,0.0,,,,created,
263,SE2_5,SE2_5 solar,solar,21.14441902,0.0,0.01,0.8,solar_SE2,0.0,1.0,const,const,0.6,0.0,0.0,0.0,,,,updated,
264,SE2_6,SE2_6 ror,ror,1214.3634741284668,0.0,0.0,0.46,inflow_NO1,1210244.52814031,10.0,ror,const,0.6,0.0,0.0,0.0,,,,created,
265,SE2_6,SE2_6 solar,solar,27.00210193,0.0,0.01,0.8,solar_SE2,0.0,1.0,const,const,0.6,0.0,0.0,0.0,,,,created,
266,SE2_6,SE2_6 hydro,hydro,134.77148697711294,0.0,1.0,0.46,inflow_NO1,1357380.4940848588,10.0,hydro,const,0.6,0.0,0.0,0.0,,,,created,
267,SE2_6,SE2_6 wind_on,wind_on,1103.205638,0.0,0.015,1.0,windon_SE2,0.0,1.0,const,const,0.6,0.0,0.0,0.0,,,,updated,
268,SE2_6,SE2_6 fossil_other,fossil_other,128.8663188,0.0,110.19,1.0,const,0.0,1.0,const,const,0.6,0.0,0.0,0.0,,,,created,
269,SE2_7,SE2_7 wind_on,wind_on,636.2279473,0.0,0.015,1.0,windon_SE2,0.0,1.0,const,const,0.6,0.0,0.0,0.0,,,,updated,
270,SE2_7,SE2_7 hydro,hydro,77.72384729791372,0.0,1.0,0.46,inflow_NO1,782812.7195871511,10.0,hydro,const,0.6,0.0,0.0,0.0,,,,created,
271,SE2_7,SE2_7 ror,ror,700.3336042574308,0.0,0.0,0.46,inflow_NO1,697958.1736006463,10.0,ror,const,0.6,0.0,0.0,0.0,,,,created,
272,SE2_7,SE2_7 solar,solar,15.57233874,0.0,0.01,0.8,solar_SE2,0.0,1.0,const,const,0.6,0.0,0.0,0.0,,,,updated,
273,SE2_7,SE2_7 fossil_other,fossil_other,74.31828726,0.0,110.19,1.0,const,0.0,1.0,const,const,0.6,0.0,0.0,0.0,,,,created,
274,SE3_1,SE3_1 wind_on,wind_on,338.6495493,0.0,0.015,0.8,windon_SE3,0.0,1.0,const,const,0.6,0.0,0.0,0.0,,,,updated,
275,SE3_1,SE3_1 solar,solar,222.1827731,0.0,0.01,0.8,solar_SE3,0.0,1.0,const,const,0.6,0.0,0.0,0.0,,,,updated,
276,SE3_1,SE3_1 hydro,hydro,108.193963982082,0.0,1.0,0.46,inflow_NO1,145077.41321100146,15.0,hydro,const,0.6,0.0,0.0,5.0,,,,updated,
277,SE3_1,SE3_1 fossil_other,fossil_other,393.7686243,0.0,110.19,1.0,const,0.0,1.0,const,const,0.6,0.0,0.0,0.0,,,,created,
278,SE3_1,SE3_1 ror,ror,69.36454246668642,0.0,0.0,0.46,inflow_NO1,66525.22783592928,15.0,ror,const,0.6,0.0,0.0,0.0,,,,created,
279,SE3_10,SE3_10 solar,solar,43.85637345,0.0,0.01,0.8,solar_SE3,0.0,1.0,const,const,0.6,0.0,0.0,0.0,,,,updated,
280,SE3_10,SE3_10 wind_off,wind_off,48.0,0.0,0.015,0.8,windoff_DE_Baltic2,0.0,1.0,const,const,0.6,0.0,0.0,0.0,56.98,17.02,,updated,
281,SE3_10,SE3_10 fossil_other,fossil_other,77.7254852,0.0,110.19,1.0,const,0.0,1.0,const,const,0.6,0.0,0.0,0.0,,,,created,
282,SE3_10,SE3_10 hydro,hydro,21.356268190712296,0.0,1.0,0.46,inflow_NO1,28636.645062007763,15.0,hydro,const,0.6,0.0,0.0,0.0,,,,created,
283,SE3_10,SE3_10 ror,ror,13.691778331582103,0.0,0.0,0.46,inflow_NO1,13131.329648006147,15.0,ror,const,0.6,0.0,0.0,0.0,,,,created,
284,SE3_10,SE3_10 wind_on,wind_on,66.84560146,0.0,0.015,0.8,windon_SE3,0.0,1.0,const,const,0.6,0.0,0.0,0.0,,,,updated,
285,SE3_2,SE3_2 ror,ror,26.250355060221473,0.0,0.0,0.46,inflow_NO1,25175.843287203857,15.0,ror,const,0.6,0.0,0.0,0.0,,,,created,
286,SE3_2,SE3_2 hydro,hydro,40.944982378659645,0.0,1.0,0.46,inflow_NO1,54903.17489699476,15.0,hydro,const,0.6,0.0,0.0,5.0,,,,updated,
287,SE3_2,SE3_2 solar,solar,84.0829691,0.0,0.01,0.8,solar_SE3,0.0,1.0,const,const,0.6,0.0,0.0,0.0,,,,updated,
288,SE3_2,SE3_2 wind_on,wind_on,128.158719,0.0,0.015,0.8,windon_SE3,0.0,1.0,const,const,0.6,0.0,0.0,0.0,,,,updated,
289,SE3_2,SE3_2 fossil_other,fossil_other,149.0180117,0.0,110.19,1.0,const,0.0,1.0,const,const,0.6,0.0,0.0,0.0,,,,created,
290,SE3_3,SE3_3 nuclear,nuclear,5441.063506,1088.212701,9.37,1.0,const,0.0,1.0,const,const,0.6,0.0,0.0,0.0,,,,updated,
291,SE3_3,SE3_3 solar,solar,1062.12666,0.0,0.01,0.8,solar_SE3,0.0,1.0,const,const,0.6,0.0,0.0,0.0,,,,updated,
292,SE3_3,SE3_3 wind_on,wind_on,1618.886602,0.0,0.015,0.8,windon_SE3,0.0,1.0,const,const,0.6,0.0,0.0,0.0,,,,updated,
293,SE3_3,SE3_3 fossil_other,fossil_other,1882.378854,0.0,110.19,1.0,const,0.0,1.0,const,const,0.6,0.0,0.0,0.0,,,,created,
294,SE3_3,SE3_3 hydro,hydro,517.2124372248225,0.0,1.0,0.46,inflow_NO1,693530.7636238524,15.0,hydro,const,0.6,0.0,0.0,0.0,,,,created,
295,SE3_3,SE3_3 ror,ror,331.59154862455654,0.0,0.0,0.46,inflow_NO1,318018.4361791415,15.0,ror,const,0.6,0.0,0.0,0.0,,,,created,
296,SE3_4,SE3_4 ror,ror,14.942924474286343,0.0,0.0,0.46,inflow_NO1,14331.262345015502,15.0,ror,const,0.6,0.0,0.0,0.0,,,,created,
297,SE3_4,SE3_4 wind_on,wind_on,72.95391073,0.0,0.015,0.8,windon_SE3,0.0,1.0,const,const,0.6,0.0,0.0,0.0,,,,created,
298,SE3_4,SE3_4 solar,solar,47.86394143,0.0,0.01,0.8,solar_SE3,0.0,1.0,const,const,0.6,0.0,0.0,0.0,,,,updated,
299,SE3_4,SE3_4 hydro,hydro,23.307790624250956,0.0,1.0,0.46,inflow_NO1,31253.44377952411,15.0,hydro,const,0.6,0.0,0.0,5.0,,,,updated,
300,SE3_4,SE3_4 fossil_other,fossil_other,84.82799144,0.0,110.19,1.0,const,0.0,1.0,const,const,0.6,0.0,0.0,0.0,,,,created,
301,SE3_5,SE3_5 ror,ror,26.881642850181866,0.0,0.0,0.46,inflow_NO1,25781.29043222197,15.0,ror,const,0.6,0.0,0.0,0.0,,,,created,
302,SE3_5,SE3_5 fossil_other,fossil_other,152.6017061,0.0,110.19,1.0,const,0.0,1.0,const,const,0.6,0.0,0.0,0.0,,,,created,
303,SE3_5,SE3_5 solar,solar,86.105058,0.0,0.01,0.8,solar_SE3,0.0,1.0,const,const,0.6,0.0,0.0,0.0,,,,updated,
304,SE3_5,SE3_5 hydro,hydro,41.929657354702606,0.0,1.0,0.46,inflow_NO1,56223.52670893602,15.0,hydro,const,0.6,0.0,0.0,5.0,,,,updated,
305,SE3_5,SE3_5 wind_on,wind_on,131.2407739,0.0,0.015,0.8,windon_SE3,0.0,1.0,const,const,0.6,0.0,0.0,0.0,,,,updated,
306,SE3_6,SE3_6 solar,solar,649.4153531,0.0,0.01,0.8,solar_SE3,0.0,1.0,const,const,0.6,0.0,0.0,0.0,,,,updated,
307,SE3_6,SE3_6 nuclear,nuclear,2335.936494,467.1872988,9.37,1.0,const,0.0,1.0,const,const,0.6,0.0,0.0,0.0,,,,updated,
308,SE3_6,SE3_6 fossil_other,fossil_other,1150.941572,0.0,110.19,1.0,const,0.0,1.0,const,const,0.6,0.0,0.0,0.0,,,,created,
309,SE3_6,SE3_6 hydro,hydro,316.2388349494018,0.0,1.0,0.46,inflow_NO1,424045.0247382305,15.0,hydro,const,0.6,0.0,0.0,0.0,,,,created,
310,SE3_6,SE3_6 ror,ror,202.74478626475664,0.0,0.0,0.46,inflow_NO1,194445.7877165201,15.0,ror,const,0.6,0.0,0.0,0.0,,,,created,
311,SE3_6,SE3_6 wind_on,wind_on,989.8346914,0.0,0.015,0.8,windon_SE3,0.0,1.0,const,const,0.6,0.0,0.0,0.0,,,,updated,
312,SE3_7,SE3_7 fossil_other,fossil_other,397.8573084,0.0,110.19,1.0,const,0.0,1.0,const,const,0.6,0.0,0.0,0.0,,,,created,
313,SE3_7,SE3_7 hydro,hydro,109.31739258546143,0.0,1.0,0.46,inflow_NO1,146583.81993906805,15.0,hydro,const,0.6,0.0,0.0,0.0,,,,created,
314,SE3_7,SE3_7 ror,ror,70.0847869968651,0.0,0.0,0.46,inflow_NO1,67215.99043927752,15.0,ror,const,0.6,0.0,0.0,0.0,,,,created,
315,SE3_7,SE3_7 solar,solar,224.4898009,0.0,0.01,0.8,solar_SE3,0.0,1.0,const,const,0.6,0.0,0.0,0.0,,,,updated,
316,SE3_7,SE3_7 wind_on,wind_on,342.1659062,0.0,0.015,0.8,windon_SE3,0.0,1.0,const,const,0.6,0.0,0.0,0.0,,,,updated,
317,SE3_8,SE3_8 wind_on,wind_on,154.1898615,0.0,0.015,0.8,windon_SE3,0.0,1.0,const,const,0.6,0.0,0.0,0.0,,,,updated,
318,SE3_8,SE3_8 solar,solar,101.1616023,0.0,0.01,0.8,solar_SE3,0.0,1.0,const,const,0.6,0.0,0.0,0.0,,,,updated,
319,SE3_8,SE3_8 ror,ror,31.582233662229807,0.0,0.0,0.46,inflow_NO1,30289.470892780308,15.0,ror,const,0.6,0.0,0.0,0.0,,,,created,
320,SE3_8,SE3_8 hydro,hydro,49.26158134178573,0.0,1.0,0.46,inflow_NO1,66054.91220573416,15.0,hydro,const,0.6,0.0,0.0,0.0,,,,created,
321,SE3_8,SE3_8 fossil_other,fossil_other,179.2860194,0.0,110.19,1.0,const,0.0,1.0,const,const,0.6,0.0,0.0,0.0,,,,created,
322,SE3_9,SE3_9 ror,ror,25.823427160573825,0.0,0.0,0.46,inflow_NO1,24766.39092946573,15.0,ror,const,0.6,0.0,0.0,0.0,,,,created,
323,SE3_9,SE3_9 wind_on,wind_on,126.0743841,0.0,0.015,0.8,windon_SE3,0.0,1.0,const,const,0.6,0.0,0.0,0.0,,,,updated,
324,SE3_9,SE3_9 solar,solar,82.71546891,0.0,0.01,0.8,solar_SE3,0.0,1.0,const,const,0.6,0.0,0.0,0.0,,,,updated,
325,SE3_9,SE3_9 hydro,hydro,40.27906547618105,0.0,1.0,0.46,inflow_NO1,54010.246129088344,15.0,hydro,const,0.6,0.0,0.0,5.0,,,,updated,
326,SE3_9,SE3_9 fossil_other,fossil_other,146.5944274,0.0,110.19,1.0,const,0.0,1.0,const,const,0.6,0.0,0.0,0.0,,,,created,
327,SE4_1,SE4_1 hydro,hydro,252.96144086766083,0.0,1.0,0.46,inflow_NO1,103441.48139285714,15.0,hydro,const,0.6,0.0,0.0,5.0,,,,updated,
328,SE4_1,SE4_1 solar,solar,552.0013598,0.0,0.01,0.8,solar_SE4,0.0,1.0,const,const,0.6,0.0,0.0,0.0,,,,updated,
329,SE4_1,SE4_1 wind_on,wind_on,1143.028369,0.0,0.015,0.8,windon_SE4,0.0,1.0,const,const,0.6,0.0,0.0,0.0,,,,updated,
330,SE4_1,SE4_1 fossil_other,fossil_other,977.9921877,0.0,110.19,1.0,const,0.0,1.0,const,const,0.6,0.0,0.0,0.0,,,,created,
331,SE4_2,SE4_2 hydro,hydro,285.03855913233923,0.0,1.0,0.46,inflow_NO1,116558.51860714285,15.0,hydro,const,0.6,0.0,0.0,5.0,,,,updated,
332,SE4_2,SE4_2 wind_on,wind_on,1287.971631,0.0,0.015,0.8,windon_SE4,0.0,1.0,const,const,0.6,0.0,0.0,0.0,,,,updated,
333,SE4_2,SE4_2 wind_off,wind_off,110.0,0.0,0.015,0.8,windoff_DE_Baltic2,0.0,1.0,const,const,0.6,0.0,0.0,0.0,55.516667,12.783333,,updated,
334,SE4_2,SE4_2 solar,solar,621.9986402,0.0,0.01,0.8,solar_SE4,0.0,1.0,const,const,0.6,0.0,0.0,0.0,,,,updated,
335,SE4_2,SE4_2 fossil_other,fossil_other,1102.007812,0.0,110.19,1.0,const,0.0,1.0,const,const,0.6,0.0,0.0,0.0,,,,created,
336,GB,,wind_on,15370.0,0.0,0.015,0.75,windon_UK,0.0,,,,,,,,,,,,Wind energy
337,GB,,wind_off,14733.0,0.0,0.015,0.5,windoff_GB_Doggerbank,0.0,,,,,,,,,,,,Wind energy
338,GB,,solar,15919.0,0.0,0.01,0.8,solar_UK,0.0,,,,,,,,,,,,Wind energy
339,GB,,hydro,2191.0,0.0,1.0,0.46,inflow_NO1,0.0,25.0,hydro,const,0.6,,,,,,,,Hydropower
340,GB,,biomass,8405.0,0.0,15.0,1.0,const,0.0,,,,,,,,,,,,Power Statistics
341,GB,,nuclear,5883.0,1176.6,9.37,1.0,const,0.0,,,,,,,,,,,,Nuclear Power in the United Kingdom - World Nuclear Association
342,GB,,fossil_gas,36149.0,0.0,137.52,1.0,const,0.0,,,,,,,,,,,,Power Statistics
343,GB,,fossil_other,4200.0,0.0,110.19,1.0,const,0.0,,,,,,,,,,,,UK Electricity capacity and generation by fuel between 1920 and 2020
344,DE,,wind_on,59840.62,0.0,0.015,0.75,windon_DE,0.0,,,,,,,,,,,,
345,DE,,wind_off,8456.0,0.0,0.015,0.5,windoff_DE_Baltic2,0.0,,,,,,,,,,,,
346,DE,,solar,76957.01,0.0,0.01,0.8,solar_DE,0.0,,,,,,,,,,,,
347,DE,,hydro,14560.8,0.0,1.0,0.46,inflow_NO1,0.0,25.0,hydro,const,0.6,,,,,,,,
348,DE,,biomass,12068.54,0.0,15.0,1.0,const,0.0,,,,,,,,,,,,
349,DE,,nuclear,0.0,0.0,9.37,1.0,const,0.0,,,,,,,,,,,,
350,DE,,fossil_gas,36255.0,0.0,137.52,1.0,const,0.0,,,,,,,,,,,,
351,DE,,fossil_other,42149.0,0.0,110.19,1.0,const,0.0,,,,,,,,,,,,
352,NL,,wind_on,6812.0,0.0,0.015,0.75,windon_NL,0.0,,,,,,,,,,,,
353,NL,,wind_off,3978.0,0.0,0.015,0.5,windoff_GB_Doggerbank,0.0,,,,,,,,,,,,
354,NL,,solar,24261.0,0.0,0.01,0.8,solar_NL,0.0,,,,,,,,,,,,
355,NL,,hydro,38.0,0.0,1.0,0.46,inflow_NO1,0.0,25.0,hydro,const,0.6,,,,,,,,
356,NL,,biomass,1201.0,0.0,15.0,1.0,const,0.0,,,,,,,,,,,,
357,NL,,nuclear,486.0,97.0,9.37,1.0,const,0.0,,,,,,,,,,,,
358,NL,,fossil_gas,18351.0,0.0,137.52,1.0,const,0.0,,,,,,,,,,,,
359,NL,,fossil_other,4006.0,0.0,110.19,1.0,const,0.0,,,,,,,,,,,,
360,EE,,wind_on,447.0,0.0,0.015,0.75,windon_FI,0.0,,,,,,,,,,,,
361,EE,,wind_off,0.0,0.0,0.015,0.5,windoff_DE_Baltic2,0.0,,,,,,,,,,,,
362,EE,,solar,812.0,0.0,0.01,0.8,solar_SE3,0.0,1.0,,,,,,,,,,,
363,EE,,hydro,8.0,0.0,1.0,0.46,inflow_NO1,0.0,25.0,hydro,const,0.6,,,,,,,,
364,EE,,biomass,187.3,0.0,32.0,1.0,const,0.0,,,,,,,,,,,,
365,EE,,nuclear,0.0,0.0,9.37,1.0,const,0.0,,,,,,,,,,,,
366,EE,,fossil_gas,15.3,0.0,137.52,1.0,const,0.0,,,,,,,,,,,,
367,EE,,fossil_other,1408.4,0.0,110.19,1.0,const,0.0,,,,,,,,,,,,
368,LT,,wind_on,1288.0,0.0,0.015,0.75,windon_FI,0.0,,,,,,,,,,,,
369,LT,,wind_off,0.0,0.0,0.015,0.5,windoff_DE_Baltic2,0.0,,,,,,,,,,,,
370,LT,,solar,1165.0,0.0,0.01,0.8,solar_SE4,0.0,1.0,,,,,,,,,,,
371,LT,,hydro,1029.0,0.0,1.0,0.46,inflow_NO1,0.0,25.0,hydro,const,0.6,,,,,,,,
372,LT,,biomass,303.0,0.0,15.0,1.0,const,0.0,,,,,,,,,,,,
373,LT,,nuclear,0.0,0.0,9.37,1.0,const,0.0,,,,,,,,,,,,
374,LT,,fossil_gas,1503.0,0.0,137.52,1.0,const,0.0,,,,,,,,,,,,
375,LT,,fossil_other,0.0,0.0,110.19,1.0,const,0.0,,,,,,,,,,,,
376,PL,,wind_on,9582.93,0.0,0.015,0.75,windon_DE,0.0,,,,,,,,,,,,
377,PL,,wind_off,0.0,0.0,0.015,0.5,windoff_DE_Baltic2,0.0,,,,,,,,,,,,
378,PL,,solar,14608.7,0.0,0.01,0.8,solar_DE,0.0,,,,,,,,,,,,
379,PL,,hydro,2377.3,0.0,1.0,0.46,inflow_NO1,0.0,25.0,hydro,const,0.6,,,,,,,,
380,PL,,biomass,2305.06,0.0,15.0,1.0,const,0.0,,,,,,,,,,,,
381,PL,,nuclear,0.0,0.0,9.37,1.0,const,0.0,,,,,,,,,,,,
382,PL,,fossil_gas,5162.38,0.0,137.52,1.0,const,0.0,,,,,,,,,,,,
383,PL,,fossil_other,27053.66,0.0,110.19,1.0,const,0.0,,,,,,,,,,,,
384,NO2_1,NO2_1 wind_off MD2050,wind_off,2000.0,0.0,0.015,0.8,windoff_Sønnavind A,0.0,1.0,const,const,0.6,0.0,0.0,0.0,,,,created,MD_2050
385,NO5_1,NO5_1 wind_off MD2050,wind_off,1600.0,0.0,0.015,0.8,windoff_Vestavind A,0.0,1.0,const,const,0.6,0.0,0.0,0.0,,,,created,MD_2050
